{"cameraMode":{"drawMode":0,"name":"Shaded","section":"Shading Mode"},"sceneLighting":true,"audioPlay":false,"sceneViewState":{"showFog":false,"showMaterialUpdate":false,"showSkybox":false,"showFlares":false,"showImageEffects":false,"showParticleSystems":false},"in2DMode":false,"pivot":{"x":-1.5941497087478638,"y":0.6252100467681885,"z":1.4382694959640504},"rotation":{"x":0.26298192143440249,"y":-0.19467312097549439,"z":0.05416565760970116,"w":0.9435083866119385},"size":7.131287574768066,"orthographic":false}