{"cameraMode":{"drawMode":0,"name":"Shaded","section":"Shading Mode"},"sceneLighting":true,"audioPlay":false,"sceneViewState":{"showFog":false,"showMaterialUpdate":false,"showSkybox":false,"showFlares":false,"showImageEffects":false,"showParticleSystems":false},"in2DMode":false,"pivot":{"x":0.39447450637817385,"y":-19.78568458557129,"z":30.95798110961914},"rotation":{"x":0.2522141635417938,"y":-0.051727283746004108,"z":0.01337895542383194,"w":0.9662904739379883},"size":47.71699142456055,"orthographic":false}