{"cameraMode":{"drawMode":0,"name":"Shaded","section":"Shading Mode"},"sceneLighting":true,"audioPlay":false,"sceneViewState":{"showFog":false,"showMaterialUpdate":false,"showSkybox":false,"showFlares":false,"showImageEffects":false,"showParticleSystems":false},"in2DMode":false,"pivot":{"x":-0.11523079872131348,"y":0.326308012008667,"z":4.02003288269043},"rotation":{"x":-0.2775966227054596,"y":0.20744198560714723,"z":-0.06152170151472092,"w":-0.9360158443450928},"size":7.218229293823242,"orthographic":false}