{"cameraMode":{"drawMode":0,"name":"Shaded","section":"Shading Mode"},"sceneLighting":true,"audioPlay":false,"sceneViewState":{"showFog":false,"showMaterialUpdate":false,"showSkybox":false,"showFlares":false,"showImageEffects":false,"showParticleSystems":false},"in2DMode":false,"pivot":{"x":3.9982399940490724,"y":-14.787583351135254,"z":15.042152404785157},"rotation":{"x":0.33000147342681887,"y":-0.011660530231893063,"z":0.003972639795392752,"w":0.943966269493103},"size":48.66016387939453,"orthographic":false}