{"cameraMode":{"drawMode":0,"name":"Shaded","section":"Shading Mode"},"sceneLighting":true,"audioPlay":false,"sceneViewState":{"showFog":false,"showMaterialUpdate":false,"showSkybox":false,"showFlares":false,"showImageEffects":false,"showParticleSystems":false},"in2DMode":false,"pivot":{"x":14.227627754211426,"y":-65.01637268066406,"z":66.5864028930664},"rotation":{"x":-0.368351548910141,"y":-0.06876785308122635,"z":0.027397677302360536,"w":-0.9267924427986145},"size":107.83248138427735,"orthographic":false}